variant,target,seed,rmse,mae,phm08,signed_bias,worst_10pct_engine_rmse,window_latency_ms
dual_branch,FD001,7,15.117691517771089,11.346319999694824,466.02369670564,4.387653312683105,34.577529239651064,
temporal_only,FD001,7,16.946231523597785,12.642783131599426,717.3669494574676,4.774663186073303,39.82095669262284,
sensor_only,FD001,7,15.80482489287546,12.287753987312318,441.650331328587,1.0753243017196654,35.222935771967954,
single_receptive_field,FD001,7,14.981572027738896,11.190869979858398,443.3739373537353,3.0329283714294433,34.226746376891285,
dual_branch,FD001,17,13.67480417565157,10.3219122505188,366.142295391668,2.4715851020812987,31.469406982733194,0.005148495723863733
temporal_only,FD001,17,18.490372296424308,13.315157423019409,1052.1316562586153,4.134002933502197,43.61306261139342,
sensor_only,FD001,17,15.033948065188632,11.313718285560608,358.39149716984195,-0.16621283054351807,33.74665970129573,
single_receptive_field,FD001,17,14.612471489564888,11.106302785873414,409.8010043972296,2.0562613010406494,33.12028233313653,
dual_branch,FD001,27,14.457822995271382,11.091790418624878,348.9840715369152,2.8705401706695555,30.690743726691487,0.0048304138667847885
temporal_only,FD001,27,18.745692289492773,13.862889585494996,1141.5844189401569,5.98576060295105,42.65745684669908,
sensor_only,FD001,27,14.903166239043669,11.150237030982971,424.40057714224776,1.298917155265808,33.15811771559139,
single_receptive_field,FD001,27,14.353587577619328,10.773917708396912,391.76135252328646,2.959905171394348,31.406528148913072,
dual_branch,FD001,37,15.088155803923053,11.317400670051574,382.5988711782243,-0.2704238748550415,34.83098300251634,0.004043005497849343
temporal_only,FD001,37,17.923880044136588,12.842528884410859,776.0232637079864,2.522602779865265,41.7252476764994,
sensor_only,FD001,37,16.060991234348208,11.46499680519104,557.6265907189761,-0.10761075019836426,38.59759208827379,
single_receptive_field,FD001,37,14.801559256232682,10.845480122566222,394.540139970679,0.5143276739120484,34.4925840960909,
dual_branch,FD001,47,14.728955006104838,10.636195497512817,371.94421383488765,0.4883797740936279,34.48481160278474,0.00469258552226153
temporal_only,FD001,47,18.675152991984742,13.625519242286682,965.4386350018111,3.6814875173568726,44.42224797945123,
sensor_only,FD001,47,16.93939405721168,12.780487658977508,572.7294781620228,0.5363665509223938,38.924085108081464,
single_receptive_field,FD001,47,15.687768090463054,11.915190818309783,585.9222609332091,3.2906447529792784,35.26579780253721,
dual_branch,FD002,7,26.234620956392114,18.708510560878917,7044.798633803761,-3.9417811471062736,62.712717612071,0.0039985349063021295
temporal_only,FD002,7,28.771595276182182,20.82736098536193,12022.647278964725,-2.9492463513230724,67.96953112937288,
sensor_only,FD002,7,28.306448934421923,20.476143842498306,10201.300867162998,-5.820709933645476,68.31211458002304,
single_receptive_field,FD002,7,26.412211902138182,18.627505365025584,6414.3011074931555,-5.194138191841744,63.84815487798542,
dual_branch,FD002,17,27.32213511695653,18.397691949454053,14010.63834148274,-8.643761423103598,68.65328840603239,0.0038987996822808925
temporal_only,FD002,17,29.02157178913678,20.268392636509017,30537.64798561506,-6.251904535477686,70.66434546545518,
sensor_only,FD002,17,28.30024149590628,20.39846402061492,11382.383613924148,-5.4228580007221705,68.25483517785896,
single_receptive_field,FD002,17,27.072049027727665,18.69151870992653,11873.715264382558,-8.766492666885199,66.46127228346165,
dual_branch,FD002,27,26.021716564456568,18.259647350974063,8537.550110286684,-3.3548233039590842,63.46991466235953,0.0038399782295320405
temporal_only,FD002,27,27.63560827883788,19.305588991945775,8977.907184671545,-4.2208897441510524,65.57485993290196,
sensor_only,FD002,27,28.854727993035258,21.36798074346712,9368.441896563489,-2.1341786844850046,67.25355447564088,
single_receptive_field,FD002,27,26.93828711987079,18.86971812634855,15332.629174208352,-4.27732379832323,66.16572641858527,
dual_branch,FD002,37,26.719114169010865,18.200851526959983,11639.488980521553,-6.876412964235402,66.09675791685875,0.003955667676736879
temporal_only,FD002,37,29.731283002755166,20.77975597620931,38493.347469119515,-8.422632332474109,72.34736253538833,
sensor_only,FD002,37,29.34881576413146,20.305073247913228,14810.092726795276,-13.88852442691685,71.57370620018293,
single_receptive_field,FD002,37,27.95290886761224,18.922007872791365,15047.053532409243,-7.8337388931554255,70.12587330639855,
dual_branch,FD002,47,25.473991135273018,17.98276208174275,6118.826901580134,-3.2432206560746124,60.743065554917585,0.003840772557443709
temporal_only,FD002,47,28.68488560749691,19.831097446295747,14280.792728166694,-5.469944834191367,69.02421501990574,
sensor_only,FD002,47,27.788625905502904,19.664273630237947,10077.666539617909,-5.765436334499521,67.76849357764952,
single_receptive_field,FD002,47,26.785239057365086,18.45170544611441,17420.614213060064,-5.955690052058245,64.78566479440425,
dual_branch,FD003,7,19.620756466576054,15.923584775924683,937.9430330283719,7.921466474533081,39.58233591915856,0.004047903109162993
temporal_only,FD003,7,22.94322272660599,18.105371742248536,1867.8881815757359,9.652544193267822,47.735366979607015,
sensor_only,FD003,7,15.425127818110226,12.661760473251343,378.31178637492303,2.907468042373657,30.258112267430004,
single_receptive_field,FD003,7,18.470263988993807,14.923939743041991,771.0968025555193,7.642046775817871,36.59353703436456,
dual_branch,FD003,17,15.953742963283602,13.110389986038207,421.3124791012049,3.387140321731567,30.624165499414598,0.0040622198119961254
temporal_only,FD003,17,22.61847114856463,18.078782744407654,1869.641487423041,8.881002621650696,48.1237719339975,
sensor_only,FD003,17,15.180311299750032,11.827095289230346,360.149370905635,-1.2306616306304932,31.51865880438717,
single_receptive_field,FD003,17,16.973255032559788,13.999647154808045,503.1257211583674,3.3164502000808715,32.53482181814577,
dual_branch,FD003,27,20.137746698805223,16.44738175392151,992.596510299109,9.401142568588257,39.23252554569,0.003978958785202185
temporal_only,FD003,27,21.221896618389863,17.23918577671051,1148.5683487192123,6.09895013332367,42.96442804776726,
sensor_only,FD003,27,16.014308119161022,12.377167701721191,408.2040151070255,0.16459930419921875,33.95960296373757,
single_receptive_field,FD003,27,18.546058771750968,15.084931020736695,712.8972786956989,6.936104097366333,36.08630916003231,
dual_branch,FD003,37,17.91002888231635,14.515235538482665,670.1339062281332,6.029034748077392,35.500091861326,0.0039417088455284245
temporal_only,FD003,37,20.386076526376495,15.749472799301147,1225.0640338654325,8.25360520362854,42.82204059880929,
sensor_only,FD003,37,17.576123026942376,13.417532510757447,661.021081307251,1.9703958797454835,38.05716529997657,
single_receptive_field,FD003,37,17.856052819178824,14.15903470993042,789.6811251708714,7.823815364837646,38.658232442559324,
dual_branch,FD003,47,18.989542693821466,15.245265321731567,855.6151339432588,9.610639085769654,38.47689089507726,0.003938003133314543
temporal_only,FD003,47,23.72152235596111,18.943734450340273,2238.354943208038,12.287358956336975,49.46755674614581,
sensor_only,FD003,47,16.010175416277292,12.645428943634034,513.5192216981916,4.596590347290039,33.738002928106425,
single_receptive_field,FD003,47,19.194192877695823,15.70567991733551,935.4538141228293,8.918646292686462,39.02577001953879,
dual_branch,FD004,7,29.00326757668057,22.318941494149545,6449.193076080643,-2.892858806156343,61.3767098009614,0.003979489979118272
temporal_only,FD004,7,33.390409695811435,25.604950942339435,13924.208617257666,-4.161840368663111,69.81496765104649,
sensor_only,FD004,7,30.330829958559807,22.5024416523595,13396.660855537655,-8.18593353609885,67.79855118534117,
single_receptive_field,FD004,7,28.886383762772446,21.85901143377827,6121.6278430078455,-4.84830998509161,62.59526547627265,
dual_branch,FD004,17,27.887235321433494,20.962933213480056,5464.003844506404,-3.841967202002002,60.49655312759113,0.003872999466188997
temporal_only,FD004,17,32.305740647192486,25.134116003590247,12762.786762489235,-0.8851851186444682,66.17566559900116,
sensor_only,FD004,17,28.233177531395622,21.36427926632666,5445.04510776425,-5.330433787838105,59.721892243541696,
single_receptive_field,FD004,17,27.866831220215975,21.222334563732147,5886.413448740483,-2.1857705250863106,59.724360845557165,
dual_branch,FD004,27,29.018423870120426,21.92494004484146,7214.975380085735,-3.8261702877859913,63.53738694373063,0.00414410879797045
temporal_only,FD004,27,32.71741301958548,25.43676002563969,14920.88071577147,-2.202209611092844,67.62985866075817,
sensor_only,FD004,27,28.779652965848392,21.790976155188776,6413.027893984854,-6.308073632178768,62.51789143659156,
single_receptive_field,FD004,27,28.958465028895127,21.606405664836206,6234.374940952184,-5.461555718414245,63.16321113669655,
dual_branch,FD004,37,29.321895836760163,21.482763417305485,7047.862516895244,-6.693547729522951,64.31197322828234,0.004311234046695335
temporal_only,FD004,37,32.98759353326543,24.94190654302797,13392.11908839256,-5.623239481160717,70.4169983626023,
sensor_only,FD004,37,30.183008727196764,21.878913069925,11988.617354325303,-11.76419077188738,68.02703602925325,
single_receptive_field,FD004,37,28.73325708521351,20.803885608911514,6744.892361938025,-7.923295120077748,64.989735196658,
dual_branch,FD004,47,30.182944374354022,23.022858238989308,7424.628298032191,-3.803174845633968,65.58235884152643,0.004155483573529915
temporal_only,FD004,47,32.391082266384274,25.769814656626792,11311.783755695644,-0.33357108408404934,66.34728953544095,
sensor_only,FD004,47,29.924415178588728,22.98108914590651,8089.523315991915,-3.7070218593843522,65.49924874158548,
single_receptive_field,FD004,47,29.408937404046966,22.761574595205246,6490.301294796713,-3.0283509262146486,63.37015585965608,
