"method","target","seed","rmse","mae","phm08","signed_bias","worst_10pct_engine_rmse"
"ConditionComp","FD001","7","15.117691446062443","11.346319939999995","466.0236792170729","4.387653359999999","34.57752909042078"
"ConditionComp","FD001","17","13.674804008148039","10.321912154999998","366.142286628496","2.4715851350000007","31.46940718517433"
"ConditionComp","FD001","27","14.457822800532151","11.091790190000001","348.98405489999215","2.870540150000001","30.690742782810283"
"ConditionComp","FD001","37","15.088155963368358","11.317400788000002","382.59888298476073","-0.2704239280000007","34.83098373985631"
"ConditionComp","FD001","47","14.728954757480919","10.636195136","371.94420778933517","0.48837988400000043","34.484811498920514"
"settings_input","FD001","7","18.094272170703334","13.091617342999998","917.9331357780527","2.7715867230000004","42.13663036838315"
"settings_input","FD001","17","18.09631661543574","13.325960578000002","959.7389140336152","1.1057588419999993","42.46801886227627"
"settings_input","FD001","27","20.440753656706782","14.40982142","2951.746221898992","2.5827550400000012","49.79424692876891"
"settings_input","FD001","37","18.29768779529772","13.377836145000002","799.9579736683183","-0.6107087650000005","41.37814951015049"
"settings_input","FD001","47","18.697760280779892","13.976190733999998","1045.1024768463726","4.575572266000001","43.053590821515016"
"healthy_cluster_mean","FD001","7","16.937995667840244","12.206880965999998","843.0817082588743","5.535925126","40.30494235850351"
"healthy_cluster_mean","FD001","17","16.34143147079255","11.519177069999998","800.3990644751489","4.38977939","39.97085309402686"
"healthy_cluster_mean","FD001","27","16.35866069217075","11.679373501999997","858.3309467227232","4.721967128","39.36399501979613"
"healthy_cluster_mean","FD001","37","15.60068376919822","11.185960887000004","503.24492374379224","-0.3972512269999996","37.47400078000904"
"healthy_cluster_mean","FD001","47","16.418902642376313","11.971371569999999","693.029131751391","3.5429414499999994","38.83206790570655"
"healthy_cluster_zscore","FD001","7","16.684041187817375","12.549622609999998","684.427154210711","6.36855497","38.411678894138895"
"healthy_cluster_zscore","FD001","17","15.421481444744234","11.258433403","468.2862855316358","2.6185440030000007","36.159614050395454"
"healthy_cluster_zscore","FD001","27","14.7638796530231","11.035361082","406.67986449918226","3.532745158","33.09425772690014"
"healthy_cluster_zscore","FD001","37","14.415258484473789","10.38930726","352.69136182353486","0.07849349999999904","34.38321337773944"
"healthy_cluster_zscore","FD001","47","14.026458604707845","10.353866928999999","315.0809523582894","0.4973821310000004","31.063879875441543"
"rafd_ocmm_style","FD001","7","15.660449998658688","11.045062959999997","496.07486424913907","-0.048136860000000184","38.05100384033351"
"rafd_ocmm_style","FD001","17","15.12905406393796","11.588516335000001","415.49319297616194","1.3840646749999996","34.4331810152073"
"rafd_ocmm_style","FD001","27","15.177544421013287","10.79937279","534.2567586163674","3.3806433300000003","35.47673882386286"
"rafd_ocmm_style","FD001","37","15.577328529791531","11.512340998000003","500.36988788604714","0.964649542","35.29462475678097"
"rafd_ocmm_style","FD001","47","16.199174531801557","11.653558723000002","710.2360354147837","2.562956937","38.637609499311075"
"ConditionComp","FD002","7","26.234621106426648","18.708510694980692","7044.798790603567","-3.9417812432432435","62.71271754797913"
"ConditionComp","FD002","17","27.32213528497594","18.397691993436293","14010.639874811657","-8.643761442857144","68.65328901816552"
"ConditionComp","FD002","27","26.021716314335908","18.259647109652512","8537.549651933381","-3.3548233567567567","63.4699141209852"
"ConditionComp","FD002","37","26.71911434706423","18.200851652895754","11639.489327584299","-6.876412984942085","66.09675834008301"
"ConditionComp","FD002","47","25.473991179443072","17.982762084555986","6118.82682454767","-3.2432205247104258","60.74306569193179"
"settings_input","FD002","7","33.79451213795837","24.866146006872587","25586.918647079616","-5.490084636216215","76.74217597413174"
"settings_input","FD002","17","31.40922896105626","22.56833943204633","28286.661623485095","-5.797892376447877","73.10498825871966"
"settings_input","FD002","27","31.471535198856618","24.049854720077224","17434.978532035242","2.8962294266409265","68.91171280002978"
"settings_input","FD002","37","33.931510943767194","23.23203137181467","246697.89006960375","-13.500576225096525","83.39530194081713"
"settings_input","FD002","47","33.06469178329928","25.003374575289577","31334.30511245562","-0.9665947760617762","72.37855641139272"
"healthy_cluster_mean","FD002","7","27.935503429800804","20.011792010810808","8442.369385879185","-3.518286802316602","66.25954332789192"
"healthy_cluster_mean","FD002","17","28.56444605625716","19.576610845945943","12362.65608545367","-10.553023649034749","70.0835832456972"
"healthy_cluster_mean","FD002","27","26.96519936542971","18.778936436679533","8063.24613399176","-4.8602520737451735","65.62961829598136"
"healthy_cluster_mean","FD002","37","28.409661060875237","19.72226913088803","10897.139228976503","-8.534467918532819","68.73558329350217"
"healthy_cluster_mean","FD002","47","27.362642177086094","19.463091077606176","7045.938479137636","-4.730695274517374","65.63425657633309"
"healthy_cluster_zscore","FD002","7","27.931253290074807","19.68805949034749","10543.090015941525","-6.3776968262548275","68.57952462564863"
"healthy_cluster_zscore","FD002","17","28.437390578006532","19.265331613513514","16041.178247001142","-9.627724659845558","70.63360487490033"
"healthy_cluster_zscore","FD002","27","27.23493090540717","18.743977821235518","15445.001976538311","-5.614865728571429","66.29342814405751"
"healthy_cluster_zscore","FD002","37","28.58137089777697","19.64846898725869","18421.68743308811","-6.713071968725869","69.62130692946583"
"healthy_cluster_zscore","FD002","47","27.155511453804756","19.026760926254827","7437.425854995284","-5.258464837451737","64.92284281304092"
"rafd_ocmm_style","FD002","7","29.512646487993027","21.85147515212355","10035.693688165826","-2.849583376061776","69.00382728242927"
"rafd_ocmm_style","FD002","17","29.107758865904984","20.139504525868727","19545.226315625303","-7.2373886895752895","70.71673669824354"
"rafd_ocmm_style","FD002","27","29.562485361607603","21.119438624131273","19656.760042914397","-4.888950805598456","69.79189780507652"
"rafd_ocmm_style","FD002","37","30.032484642434827","20.92777382239382","34433.7469515352","-9.353730305791506","72.21737729003846"
"rafd_ocmm_style","FD002","47","29.560387628988888","20.615620918146718","14983.956154054333","-7.1971874386100385","71.70675009088704"
"ConditionComp","FD003","7","19.620756312597724","15.923584670000002","937.9430139521181","7.92146673","39.58233586906648"
"ConditionComp","FD003","17","15.953742837868408","13.11038996","421.3124601331177","3.3871402","30.624164114141198"
"ConditionComp","FD003","27","20.13774668275775","16.447381699999998","992.5964914780778","9.40114246","39.23252506809404"
"ConditionComp","FD003","37","17.910028807975063","14.515235580000002","670.1339035436689","6.0290347","35.50009227699001"
"ConditionComp","FD003","47","18.989542701301342","15.24526547","855.6151177312904","9.610639209999999","38.47689044817707"
"settings_input","FD003","7","24.36327658226542","18.50189663","5192.357004086259","10.30444263","56.26509195389733"
"settings_input","FD003","17","24.514948925607793","18.96166848","4316.393666648394","11.2542534","54.97251667957604"
"settings_input","FD003","27","28.09651262765583","22.857567799999998","6473.826103125676","17.125951040000004","59.482668959726624"
"settings_input","FD003","37","24.04181912468711","18.73307122","4042.612310988115","8.56950092","54.55169699593648"
"settings_input","FD003","47","27.277450576770292","21.11645264","7320.044222795359","16.405021020000003","60.89605236111392"
"healthy_cluster_mean","FD003","7","19.650661356480658","14.68015537","2123.204699354359","7.802134990000002","46.367875865615986"
"healthy_cluster_mean","FD003","17","19.10509483800976","13.316643600999999","2025.5459843455485","5.958028978999998","45.58394037920708"
"healthy_cluster_mean","FD003","27","18.974839048526515","13.784513891999998","1901.8554821796965","6.605968037999999","43.6052891033201"
"healthy_cluster_mean","FD003","37","19.12065801931118","14.207067549999998","1536.31608967274","8.134642910000002","43.444163976911355"
"healthy_cluster_mean","FD003","47","18.371555532942015","13.419758474999998","1897.4433480795012","7.461897705","42.74475715774683"
"healthy_cluster_zscore","FD003","7","18.830412278809515","15.186593989999999","937.6797067002597","5.38415163","37.37795959145196"
"healthy_cluster_zscore","FD003","17","16.46437720909461","12.98032193","496.7132977596085","2.373735549999999","34.08104538187717"
"healthy_cluster_zscore","FD003","27","18.475100235875583","15.08118109","734.4356280232643","5.992484469999999","36.6379582504569"
"healthy_cluster_zscore","FD003","37","17.057338183246678","13.532054035000002","521.2713615714915","3.1780511950000006","34.251612511613644"
"healthy_cluster_zscore","FD003","47","19.628507949578545","15.75654429","981.3504238518335","8.76838379","41.05242655617887"
"rafd_ocmm_style","FD003","7","16.177348073799994","12.382898852999999","709.9792747084017","5.119542017","35.92359110339764"
"rafd_ocmm_style","FD003","17","15.818970119166734","11.627469983000003","881.2551801873898","-1.913271489","36.929343647588915"
"rafd_ocmm_style","FD003","27","17.18324373338154","12.635454026999998","957.657574827264","2.1817502790000005","38.81454180074525"
"rafd_ocmm_style","FD003","37","15.751401148167847","11.723007011","581.0309407218119","1.1490120689999999","35.00284862008316"
"rafd_ocmm_style","FD003","47","15.651403396428549","11.632179080000004","545.8534477118121","3.6528639999999997","33.92372427244069"
"ConditionComp","FD004","7","29.003267527157885","22.318941510887093","6449.192959158578","-2.892858813306451","61.376710077659126"
"ConditionComp","FD004","17","27.887235474873414","20.962933278225808","5464.003797580674","-3.84196725","60.49655283525551"
"ConditionComp","FD004","27","29.018423924469577","21.924940082258065","7214.975496320459","-3.8261702032258067","63.53738728679898"
"ConditionComp","FD004","37","29.32189565005972","21.482763358870972","7047.862085629911","-6.6935477540322585","64.31197249170187"
"ConditionComp","FD004","47","30.182944364600953","23.022858288306452","7424.628238943253","-3.8031749737903233","65.58235894292646"
"settings_input","FD004","7","37.614066020928576","30.508951598387096","29542.626024602545","3.5283900951612903","71.40565287038322"
"settings_input","FD004","17","40.72840267355108","32.79117369153226","84592.27662520448","7.758410268145161","77.8545729897974"
"settings_input","FD004","27","39.17589882747024","31.726247318548392","72674.53051304453","8.996089036290321","75.72461336998911"
"settings_input","FD004","37","39.74963836431438","32.071999852016134","45867.10461133332","3.557679376209678","75.94394525423428"
"settings_input","FD004","47","39.12437146522825","31.585828975000002","54159.03782409137","6.167686041129033","74.69178093230569"
"healthy_cluster_mean","FD004","7","29.337839983645686","22.67477876653226","5682.95549609345","-5.947750127016129","62.041112439898505"
"healthy_cluster_mean","FD004","17","30.32464142697734","23.695984116935485","8339.840510224196","-2.585610092741936","64.4513771954269"
"healthy_cluster_mean","FD004","27","29.372349486012332","22.864539347580646","6142.912658463802","-4.12686205483871","62.42482762662629"
"healthy_cluster_mean","FD004","37","29.739904959190532","23.08371916169355","6258.512405844407","-5.460712246370967","63.335973697110354"
"healthy_cluster_mean","FD004","47","31.12095549231201","24.44755470967742","9885.213496810065","-2.5290206693548383","65.7496839788669"
"healthy_cluster_zscore","FD004","7","30.239188933477642","23.299943022580646","7390.416332579489","-4.10059778467742","64.6545470085862"
"healthy_cluster_zscore","FD004","17","29.92971867413653","22.932749592741935","12564.212844377966","-3.557776625","64.07379199098281"
"healthy_cluster_zscore","FD004","27","30.197975534552477","23.603229300403225","7334.459572942615","-2.402358631048387","62.96971170658065"
"healthy_cluster_zscore","FD004","37","30.442692195534057","23.44242834153226","7605.53794456261","-6.121739760887097","65.75548950089546"
"healthy_cluster_zscore","FD004","47","31.261053835162734","24.47897577419355","12547.157675915663","-4.291756120967742","66.80638395080562"
"rafd_ocmm_style","FD004","7","35.06982862097111","28.059519308467745","22880.692301761213","1.1142946713709676","71.18421746401272"
"rafd_ocmm_style","FD004","17","34.09513310746246","26.918978673387095","17296.07358137097","1.1858509830645156","68.6356899924984"
"rafd_ocmm_style","FD004","27","34.611007502436074","27.458765415725804","27185.47854771399","2.6494309391129027","68.99197120102914"
"rafd_ocmm_style","FD004","37","34.4765290278196","27.457479426612903","18544.904451697348","-0.9395423596774188","68.48439601526621"
"rafd_ocmm_style","FD004","47","34.686241877844644","27.545350041532256","22874.383279167396","2.0224447407258057","70.0068819390568"
