target_fold,source_subset,fit_engines,calibration_engines,fit_rows,calibration_rows,condition_control,additive_terms,interaction_terms,representation,rank_additive,rank_with_interactions,mean_sensor_relative_mse_gain,median_sensor_relative_mse_gain,positive_sensors,engine_bootstrap_95_low,engine_bootstrap_95_high
FD001,FD002,220,40,27500,5000,quadratic,12,6,observed,11,17,0.04268492197439858,0.013785365340400202,11,0.037079001705726686,0.04747335018128029
FD001,FD002,220,40,27500,5000,quadratic,12,6,unclipped_residual,11,17,0.04279077378201611,0.013701815923795935,11,0.03715950415732643,0.047595866206986324
FD001,FD002,220,40,27500,5000,quadratic,12,6,network_input,11,17,0.043126933878091266,0.013701815923709226,13,0.03821252553280985,0.04751170612293164
FD001,FD002,220,40,27500,5000,quadratic_plus_clusters,17,6,observed,15,21,0.04527583645420917,0.0137726322342549,12,0.03932817417966026,0.05023807270580317
FD001,FD002,220,40,27500,5000,quadratic_plus_clusters,17,6,unclipped_residual,15,21,0.04442892811655626,0.01373125359589239,11,0.03828025310602468,0.04940900194705937
FD001,FD002,220,40,27500,5000,quadratic_plus_clusters,17,6,network_input,15,21,0.04470440870797094,0.013731253595701431,12,0.039488641870170656,0.04929765583075026
FD001,FD004,213,36,26625,4500,quadratic,12,6,observed,11,17,0.019738583753406695,0.01941634671458009,12,0.012989738022123356,0.02624262798265856
FD001,FD004,213,36,26625,4500,quadratic,12,6,unclipped_residual,11,17,0.019899513846338018,0.020053449478644736,12,0.013169540062642615,0.026428303979638988
FD001,FD004,213,36,26625,4500,quadratic,12,6,network_input,11,17,0.018817441196257317,0.020806591842841504,12,0.012560651770872476,0.02497694101155608
FD001,FD004,213,36,26625,4500,quadratic_plus_clusters,17,6,observed,15,21,0.020625115148626787,0.022445769870241494,12,0.013755986862323287,0.02766581421690214
FD001,FD004,213,36,26625,4500,quadratic_plus_clusters,17,6,unclipped_residual,15,21,0.019595436491716405,0.017057877457483217,12,0.01276197805227288,0.02650794237069068
FD001,FD004,213,36,26625,4500,quadratic_plus_clusters,17,6,network_input,15,21,0.01856604913526003,0.01832302098522265,12,0.01199037050932352,0.025040928143010847
FD002,FD004,213,36,26625,4500,quadratic,12,6,observed,11,17,0.019541373831108506,0.01809881785443873,12,0.012204443453145126,0.025870210354417413
FD002,FD004,213,36,26625,4500,quadratic,12,6,unclipped_residual,11,17,0.01989964188944075,0.020056616851330644,12,0.012503618179652997,0.026255034771711542
FD002,FD004,213,36,26625,4500,quadratic,12,6,network_input,11,17,0.020051836543571715,0.0214933001743165,12,0.0127887351918876,0.026350230790309265
FD002,FD004,213,36,26625,4500,quadratic_plus_clusters,17,6,observed,15,21,0.020434413556828297,0.022340563144035652,12,0.012729289382308481,0.02750054304593466
FD002,FD004,213,36,26625,4500,quadratic_plus_clusters,17,6,unclipped_residual,15,21,0.019016950839394347,0.016592671417827498,12,0.01142037703712094,0.025414525241130383
FD002,FD004,213,36,26625,4500,quadratic_plus_clusters,17,6,network_input,15,21,0.019207796858486392,0.016131676842675968,12,0.011695696792252684,0.02554032810643567
FD003,FD002,220,40,27500,5000,quadratic,12,6,observed,11,17,0.043246344611142816,0.015418940432471662,13,0.037664434661444354,0.0477871230481947
FD003,FD002,220,40,27500,5000,quadratic,12,6,unclipped_residual,11,17,0.043445422577762835,0.015456611998714953,13,0.037901446860956346,0.04798478067482596
FD003,FD002,220,40,27500,5000,quadratic,12,6,network_input,11,17,0.04321335948961631,0.015456611998666492,13,0.0379974829647246,0.047690156429838905
FD003,FD002,220,40,27500,5000,quadratic_plus_clusters,17,6,observed,15,21,0.04555451871350796,0.01544734923000829,13,0.03990157017526364,0.05017946324058476
FD003,FD002,220,40,27500,5000,quadratic_plus_clusters,17,6,unclipped_residual,15,21,0.04491825820612105,0.015488725207215503,12,0.03930203352676987,0.04948199280625261
FD003,FD002,220,40,27500,5000,quadratic_plus_clusters,17,6,network_input,15,21,0.04466327067673952,0.015488725207182752,12,0.039454805137056834,0.04907147666573606
FD003,FD004,213,36,26625,4500,quadratic,12,6,observed,11,17,0.019719184897914323,0.01927815831921681,12,0.012428672375691103,0.026717073885892294
FD003,FD004,213,36,26625,4500,quadratic,12,6,unclipped_residual,11,17,0.019900542510710367,0.020053638600074808,12,0.012575465355776999,0.026949049164893067
FD003,FD004,213,36,26625,4500,quadratic,12,6,network_input,11,17,0.016027323332109482,0.01988900715611802,12,0.01030736255928553,0.022021217305754702
FD003,FD004,213,36,26625,4500,quadratic_plus_clusters,17,6,observed,15,21,0.02063491402266742,0.022464327928654715,12,0.013063595896255996,0.028382017660490488
FD003,FD004,213,36,26625,4500,quadratic_plus_clusters,17,6,unclipped_residual,15,21,0.019549521746719773,0.01688358577886695,12,0.012002892894224666,0.02692715047374735
FD003,FD004,213,36,26625,4500,quadratic_plus_clusters,17,6,network_input,15,21,0.015692052727171828,0.018027348675260402,12,0.009780451798982816,0.021915259889156102
FD004,FD002,220,40,27500,5000,quadratic,12,6,observed,11,17,0.04303033327898918,0.015425124148847391,13,0.03787876701298008,0.048198080898181644
FD004,FD002,220,40,27500,5000,quadratic,12,6,unclipped_residual,11,17,0.043333969659498,0.015202783850890189,13,0.03824856582806096,0.04855749088479422
FD004,FD002,220,40,27500,5000,quadratic,12,6,network_input,11,17,0.043030120863019036,0.015202783851078039,13,0.037678972728424735,0.04819942924523227
FD004,FD002,220,40,27500,5000,quadratic_plus_clusters,17,6,observed,15,21,0.04502342819545496,0.015476912542152887,13,0.03977865730242622,0.05031735195514984
FD004,FD002,220,40,27500,5000,quadratic_plus_clusters,17,6,unclipped_residual,15,21,0.04434862991979665,0.01521885960373659,12,0.039210390118431276,0.049522769992607664
FD004,FD002,220,40,27500,5000,quadratic_plus_clusters,17,6,network_input,15,21,0.043996768920888114,0.015218859603982504,12,0.0388355728690383,0.048915184121912536
