method,target,rmse_mean,rmse_std,mae_mean,mae_std,phm08_mean,phm08_std,signed_bias_mean,signed_bias_std,worst_10pct_engine_rmse_mean,worst_10pct_engine_rmse_std
CORAL,FD001,19.872759345987024,1.3068587544715424,14.679400148400003,1.4033530654408055,1463.374718116364,621.2349261284327,2.5335533036,4.911193090486684,46.21912257500659,2.5360325581349454
CORAL,FD002,34.105292133148026,1.3286638312377124,24.728993676911198,0.7953962711109145,53685.23107565618,44171.32820748075,-6.65041041034749,4.894288098075965,77.95871415791831,4.661354461510698
CORAL,FD003,29.24852338447015,2.7789924643901913,22.979872272,2.2470747360470096,7615.7419257486445,3005.184428828742,15.684309780000001,3.4814060775427054,61.15842694976834,4.210690321030427
CORAL,FD004,42.516072042243074,0.5467304451962676,33.829635665403224,0.3661616534027187,139955.59049671103,40302.49369329138,8.046288954596774,0.7799760618241008,82.8823136872227,1.8494277117017415
ERM,FD001,19.60739655223411,0.9787044459004789,14.320267877000001,0.8966063892253334,1387.3447983574854,424.98695016131774,1.7543661349999997,4.316903558918032,46.010429513172504,2.162738746066804
ERM,FD002,34.215670276245035,1.4306459852525275,24.773380825868728,0.6127104978950094,68999.5237799122,82576.86579352779,-7.522792679305018,5.110121809495593,79.15375235046739,6.322148284211844
ERM,FD003,30.216540577832568,2.8701948592204247,23.596542722000002,2.2947086152598843,9027.131501542613,3288.0203840192457,16.399234626000002,3.1364942490044485,63.223438778469884,3.5955804382694527
ERM,FD004,42.7028298368895,0.38056363168603086,33.949568939274194,0.5546423170712201,150760.62812182575,36522.56830715108,8.171106473629033,0.8651512427267429,83.55624607743323,1.0264912972273545
GroupDRO,FD001,20.116070917886738,1.6466765275833262,14.90379003992,1.536803439224092,1685.1666870555298,1052.139079175869,2.1691774300799995,5.848206135551644,46.60196127662986,3.2192074032527356
GroupDRO,FD002,34.40859664114546,1.2276808660677774,24.8646347500973,0.7433027406616559,74682.68729089269,88227.36583140143,-8.5004771155027,5.188658935561878,79.47865410098956,5.02956304332661
GroupDRO,FD003,31.15531193479697,2.167200287280239,24.322477357999997,2.0446900705740285,9924.829565472788,2372.055774817502,18.346922442,2.6877172540586445,64.50568899949539,2.2825744726092974
GroupDRO,FD004,42.877765616918154,0.6095753833171773,34.1889743517742,0.4369789390614001,156855.26940330057,76052.04327276876,8.718423020322582,1.67388733190375,83.34027193483549,2.992360627929197
HCCR-Net,FD001,14.613485795118383,0.5912323260387696,10.942723641799999,0.44857006102959845,387.13862230393136,45.746444657738934,1.9895469202,1.878855709825701,33.210694859436444,1.968450298778373
HCCR-Net,FD002,26.35431564644916,0.7017252330028265,18.309892707104247,0.2683440099546087,9470.260893896115,3290.3464971201133,-5.211999910501931,2.4231132134957676,64.33514894382894,3.0835684842412228
HCCR-Net,FD003,18.522363468500057,1.6588363304601563,15.048371476,1.3040323257729143,775.5201973676546,232.64128885623924,7.26988466,2.601026914136257,36.68320155529376,3.749434366153139
HCCR-Net,FD004,29.082753388232312,0.8226980869455799,21.942487303709676,0.7874165564903641,6720.132515526575,790.5469736718342,-4.211543798870968,1.4449168190230866,63.06099632686839,2.095372863256759
MDMT,FD001,17.08670134185462,0.7634053336994132,12.7858004658,0.5397077444316748,716.8006431286528,183.5128204596874,2.0889513862000006,2.4919830787286297,38.54315378148,2.3701778958454764
MDMT,FD002,29.355658832035612,1.8688953954139875,20.247494514826254,1.1875461536636098,28877.26163289699,23456.927278967414,-8.12697264903475,2.5723336716611276,71.4590443907651,5.326423931264198
MDMT,FD003,39.493885831525326,3.529242321557495,32.012277387999994,3.269607783429008,30440.304133670656,17435.638763143346,28.167457728,3.6988846774045285,74.46156167585679,4.6029619019259655
MDMT,FD004,38.58743350916079,1.3345231747072666,29.64799563201613,0.8934615132657437,124956.76358834803,62675.453428344794,6.945955148629032,0.8138142578456741,78.9887071073427,3.73319285977207
MS-DSN-style,FD001,20.40624211278622,1.3610308773121342,15.147873746799998,1.3396158324698284,1560.2525110017566,920.4727645430522,0.5254494432000001,6.289032919398856,46.863594256791025,3.1667038220493584
MS-DSN-style,FD002,34.31408798830141,1.059780678226954,24.854171277142857,0.6702103046111669,45475.478878935355,29254.64903615118,-6.615104907567567,4.835404510414242,78.8979314377464,5.078197550531885
MS-DSN-style,FD003,30.473022884938814,2.117895167164001,24.046251341999998,1.92576638051851,9126.528862816427,2104.655555782859,16.958703778,3.54716240607266,63.65999717553696,2.33487999371866
MS-DSN-style,FD004,42.83083783767071,0.6089298535616078,34.04478047814516,0.6397332635027051,170892.14900813578,58271.20122094848,7.377426759112903,1.920560950712079,84.38371237893602,2.6371990396538174
VREx,FD001,20.319190467287903,1.9418977845053655,15.062957337860002,1.7401015301622746,1950.3977153533062,1354.7018590807077,2.48641476614,6.099653579066978,47.228009240435966,4.141885739478753
VREx,FD002,33.855288325149836,0.8247127041053399,24.3415823576834,0.5126278159405182,48383.68656674059,33925.219833534735,-8.336490577760618,4.112905525255536,78.64606904423295,3.7581914433745687
VREx,FD003,31.153210005819705,2.5454142373380853,24.314956868,2.291566537826534,9959.28882775478,3024.026107242517,18.178584084,2.4204435388520475,64.32617811721386,3.208628255239608
VREx,FD004,42.86620401938928,0.37121695618859063,34.1674395242742,0.41567952033233546,149283.91452125387,47558.108871813056,8.18705433282258,1.018803312206227,83.31913858524574,1.8300576426300679
