"target","seed","reference","rmse","mae","phm08","signed_bias"
"FD001","7","healthy_only","15.117691517771089","11.346319999694824","466.02369670564","4.387653312683105"
"FD001","7","all_life","15.1890443681533","11.77794056892395","446.250083624232","5.054612531661987"
"FD001","7","matched_random","15.862642436584112","11.96449936389923","550.5532866141248","6.127110581398011"
"FD001","17","healthy_only","13.67480417565157","10.3219122505188","366.142295391668","2.4715851020812987"
"FD001","17","all_life","15.063384451661035","11.38691011428833","430.4954780555086","2.853371067047119"
"FD001","17","matched_random","14.885235834505867","11.224953546524048","408.4212128632644","3.095435838699341"
"FD001","27","healthy_only","14.457822995271382","11.091790418624878","348.9840715369152","2.8705401706695555"
"FD001","27","all_life","15.18839265523691","11.507799315452576","433.08696275214703","3.3418341493606567"
"FD001","27","matched_random","14.603620100783118","10.613153462409974","415.23611368232423","2.752345862388611"
"FD001","37","healthy_only","15.088155803923053","11.317400670051574","382.5988711782243","-0.2704238748550415"
"FD001","37","all_life","14.60129738160567","10.996581625938415","365.10996924573743","1.1741034936904908"
"FD001","37","matched_random","14.501515401310288","10.767359189987182","362.4075240660583","0.09414179801940918"
"FD001","47","healthy_only","14.728955006104838","10.636195497512817","371.94421383488765","0.4883797740936279"
"FD001","47","all_life","14.94344231072569","10.930483045578002","429.9727685783562","3.407100057601929"
"FD001","47","matched_random","14.697815648573174","10.31549753189087","394.2094506620141","2.3997670936584474"
"FD002","7","healthy_only","26.234620956392114","18.708510560878917","7044.798633803761","-3.9417811471062736"
"FD002","7","all_life","26.980720716516675","19.162855689590042","10332.95105763328","-4.101806069893266"
"FD002","7","matched_random","26.38265580812463","18.74698903293683","10892.417680983355","-4.231443699722584"
"FD002","17","healthy_only","27.32213511695653","18.397691949454053","14010.63834148274","-8.643761423103598"
"FD002","17","all_life","28.067200471263913","18.944779489951703","17483.93364312368","-8.687907754684508"
"FD002","17","matched_random","27.768052327775177","18.61040515236873","13121.14071599323","-9.063188449756518"
"FD002","27","healthy_only","26.021716564456568","18.259647350974063","8537.550110286684","-3.3548233039590842"
"FD002","27","all_life","26.586620719871124","19.216018424531207","8815.620861676336","-1.4481409746707636"
"FD002","27","matched_random","26.55762018926973","18.90777993846584","8291.15032224444","-2.194826400418079"
"FD002","37","healthy_only","26.719114169010865","18.200851526959983","11639.488980521553","-6.876412964235402"
"FD002","37","all_life","27.422007173154633","18.67567038167858","11847.419263078198","-8.482055480876024"
"FD002","37","matched_random","27.798757393320408","18.704654116428035","17114.630960663737","-8.791959030747874"
"FD002","47","healthy_only","25.473991135273018","17.98276208174275","6118.826901580134","-3.2432206560746124"
"FD002","47","all_life","25.60474963392174","17.99608625040091","6129.7378738523075","-3.8551618408512427"
"FD002","47","matched_random","26.381827170638832","18.377853422091274","6882.364752806763","-4.81488147481528"
"FD003","7","healthy_only","19.620756466576054","15.923584775924683","937.9430330283719","7.921466474533081"
"FD003","7","all_life","19.47817176095309","15.557984657287598","871.0968085722341","9.113041095733642"
"FD003","7","matched_random","19.241514486076323","15.211696977615356","1038.34457537263","8.901965417861938"
"FD003","17","healthy_only","15.953742963283602","13.110389986038207","421.3124791012049","3.387140321731567"
"FD003","17","all_life","16.57362652996189","13.31071249961853","535.1731789347817","3.742997808456421"
"FD003","17","matched_random","17.033740923207645","13.64825255870819","577.4863177352839","3.628298726081848"
"FD003","27","healthy_only","20.137746698805223","16.44738175392151","992.596510299109","9.401142568588257"
"FD003","27","all_life","19.469296770377643","15.411256926059723","934.6514737907987","7.423297841548919"
"FD003","27","matched_random","18.35032255525465","14.677328882217408","766.4289371823899","6.019660062789917"
"FD003","37","healthy_only","17.91002888231635","14.515235538482665","670.1339062281332","6.029034748077392"
"FD003","37","all_life","18.090229320380104","14.293819742202759","761.7875861058398","7.218157510757447"
"FD003","37","matched_random","18.25095975361708","14.980736961364746","701.7605900792375","6.873006610870362"
"FD003","47","healthy_only","18.989542693821466","15.245265321731567","855.6151339432588","9.610639085769654"
"FD003","47","all_life","20.607240301326012","17.001227178573608","1057.3069751393743","11.212421140670777"
"FD003","47","matched_random","19.963918922324545","16.01138708114624","1039.8498638678345","10.211427593231202"
"FD004","7","healthy_only","29.00326757668057","22.318941494149545","6449.193076080643","-2.892858806156343"
"FD004","7","all_life","28.531430486894482","21.594623136904932","5706.178291828047","-5.3849160229006126"
"FD004","7","matched_random","29.19834632290492","22.198049668342836","6225.921073205075","-3.9634236481881913"
"FD004","17","healthy_only","27.887235321433494","20.962933213480056","5464.003844506404","-3.841967202002002"
"FD004","17","all_life","28.502684506800183","21.62921171419082","6933.089617926002","-3.4340876033229213"
"FD004","17","matched_random","28.407687498515482","21.901024512706265","5982.904900485066","-1.98907277084166"
"FD004","27","healthy_only","29.018423870120426","21.92494004484146","7214.975380085735","-3.8261702877859913"
"FD004","27","all_life","29.194125102349947","21.53273537466603","7103.259432525378","-5.237021153972995"
"FD004","27","matched_random","28.704529343889433","20.86633796076621","7072.86011111108","-5.716597903159357"
"FD004","37","healthy_only","29.321895836760163","21.482763417305485","7047.862516895244","-6.693547729522951"
"FD004","37","all_life","29.21649334667222","21.647527261126427","7079.249993329739","-6.2445293405363635"
"FD004","37","matched_random","29.347534819815316","22.04925953861206","6740.5742412726995","-4.9030928909778595"
"FD004","47","healthy_only","30.182944374354022","23.022858238989308","7424.628298032191","-3.803174845633968"
"FD004","47","all_life","30.10779195747014","23.271404035629764","8085.697001392409","-2.893099331086682"
"FD004","47","matched_random","29.080638344410225","21.746798878715886","6721.743610673417","-5.117624876960631"
